theta_deg,n_rows,beam_transmittance,diffuse_transmittance,beam_fraction,incident_w_m2
0.0,854,0.398582,0.399084,0.123276,66.033317
5.0,1046,0.425369,0.422076,0.150151,94.228982
10.0,1238,0.480321,0.433966,0.169305,114.892366
15.0,1238,0.609545,0.434125,0.169305,114.892366
20.0,1281,0.691405,0.427984,0.164354,112.07016
25.0,1372,0.684132,0.408569,0.170363,119.470686
30.0,1511,0.664377,0.385058,0.180427,131.126263
35.0,1698,0.627556,0.347323,0.194372,146.91972
40.0,2029,0.541826,0.303061,0.21033,166.636195
45.0,2115,0.547994,0.255934,0.202559,162.319095
50.0,2201,0.510286,0.202217,0.200224,162.610188
55.0,2292,0.368143,0.141546,0.195481,162.647208
60.0,2469,0.206274,0.082534,0.186062,162.38652
